cluster,nr_entregas,nr_geracoes_media,nr_geracoes_min,nr_geracoes_max,tempo_medio_execucao
0,4.0,331.8,76,642,6.697523164749145
1,3.0,40.7,3,109,6.283929252624512
2,42.0,456.4,123,959,243.07263708114624
3,4.0,298.9,0,834,6.861383771896362
4,8.0,510.8,96,913,10.667395639419556
5,5.0,405.0,14,934,7.4658283472061155
6,16.0,678.5,64,997,27.136922907829284
7,9.0,664.6,61,977,11.726128339767456
8,2.0,5.0,0,21,6.3519466638565065
9,7.0,502.1,267,868,9.37867603302002
